{"count":1,"self":56.23616,"total":98.239064,"children":{"InitializeActuators":{"count":1,"self":0.002616,"total":0.002616,"children":null},"InitializeSensors":{"count":1,"self":0.0016589999999999999,"total":0.0016589999999999999,"children":null},"AgentSendState":{"count":22006,"self":0.058332999999999996,"total":0.26569699999999996,"children":{"CollectObservations":{"count":7442,"self":0.024412999999999997,"total":0.024412999999999997,"children":null},"WriteActionMask":{"count":7442,"self":0.011453,"total":0.011453,"children":null},"RequestDecision":{"count":7442,"self":0.018342,"total":0.17149799999999998,"children":{"AgentInfo.ToProto":{"count":7442,"self":0.052251,"total":0.153156,"children":{"GenerateSensorData":{"count":7442,"self":0.100905,"total":0.100905,"children":null}}}}}}},"DecideAction":{"count":22006,"self":41.215004799999996,"total":41.215004,"children":null},"AgentAct":{"count":22006,"self":0.51353799999999994,"total":0.516366,"children":{"AgentInfo.ToProto":{"count":318,"self":0.00094,"total":0.002828,"children":{"GenerateSensorData":{"count":318,"self":0.001888,"total":0.001888,"children":null}}}}}},"gauges":{"Baller.CumulativeReward":{"count":318,"max":-0.210000455,"min":-0.86,"runningAverage":-0.7763524,"value":-0.83,"weightedAverage":-0.8190622}},"metadata":{"timer_format_version":"0.1.0","start_time_seconds":"1758711782","unity_version":"2022.3.0f1","command_line_arguments":"\/app\/unity\/envs\/ball\/env.x86_64 --mlagents-port 5005 -screen-width 640 -screen-height 360 -logFile -","communication_protocol_version":"1.5.0","com.unity.ml-agents_version":"3.0.0-exp.1","scene_name":"Ball","end_time_seconds":"1758711880"}}