{"count":1,"self":12.6543248,"total":210.25770599999998,"children":{"InitializeActuators":{"count":1,"self":0.001041,"total":0.001041,"children":null},"InitializeSensors":{"count":1,"self":0.0035719999999999997,"total":0.0060739999999999995,"children":{"CreateObservableSensors":{"count":1,"self":0.002502,"total":0.002502,"children":null}}},"AgentSendState":{"count":29925,"self":0.26986,"total":107.357891,"children":{"CollectObservations":{"count":10004,"self":0.045330999999999996,"total":0.045330999999999996,"children":null},"WriteActionMask":{"count":10004,"self":0.005435,"total":0.005435,"children":null},"RequestDecision":{"count":10004,"self":0.015253,"total":107.03726499999999,"children":{"AgentInfo.ToProto":{"count":10004,"self":0.028631,"total":107.02201199999999,"children":{"GenerateSensorData":{"count":10004,"self":0.221125,"total":106.993381,"children":{"RenderTextureSensor.GetCompressedObservation":{"count":10004,"self":106.7532288,"total":106.753231,"children":null},"RayPerceptionSensor.Perceive":{"count":20008,"self":0.019025,"total":0.019025,"children":null}}}}}}}}},"DecideAction":{"count":29925,"self":89.8382336,"total":89.838231,"children":null},"AgentAct":{"count":29925,"self":0.385721,"total":0.39885099999999996,"children":{"AgentInfo.ToProto":{"count":83,"self":0.000153,"total":0.01313,"children":{"GenerateSensorData":{"count":83,"self":0.000972,"total":0.012976999999999999,"children":{"RenderTextureSensor.GetCompressedObservation":{"count":83,"self":0.011896,"total":0.011896,"children":null},"RayPerceptionSensor.Perceive":{"count":166,"self":0.00010899999999999999,"total":0.00010899999999999999,"children":null}}}}}}}},"gauges":{"RLCar.CumulativeReward":{"count":83,"max":2.72268772,"min":-0.0170999989,"runningAverage":0.252610028,"value":0.6594317,"weightedAverage":0.7004414}},"metadata":{"timer_format_version":"0.1.0","start_time_seconds":"1758973433","unity_version":"2022.3.0f1","command_line_arguments":"\/app\/unity\/envs\/cnn_car\/env.x86_64 --mlagents-port 5005 -screen-width 640 -screen-height 360 -logFile -","communication_protocol_version":"1.5.0","com.unity.ml-agents_version":"3.0.0-exp.1","scene_name":"Tracks 1","end_time_seconds":"1758973644"}}